class_id,condition,block,n,correct_a,correct_b,q_a,q_b
0,Healthy,1,113,103,96,0.911504424778761,0.8495575221238938
0,Healthy,2,113,108,106,0.9557522123893806,0.9380530973451328
1,Damaged_LR,1,113,67,81,0.5929203539823009,0.7168141592920354
1,Damaged_LR,2,113,86,85,0.7610619469026548,0.7522123893805309
2,Damaged_UR,1,113,55,9,0.48672566371681414,0.07964601769911504
2,Damaged_UR,2,113,49,12,0.4336283185840708,0.10619469026548672
3,Unbalanced_LR,1,113,51,22,0.45132743362831856,0.19469026548672566
3,Unbalanced_LR,2,113,49,32,0.4336283185840708,0.2831858407079646
4,Unbalanced_UR,1,113,43,4,0.3805309734513274,0.035398230088495575
4,Unbalanced_UR,2,113,32,7,0.2831858407079646,0.061946902654867256
