snr_db,seed,ba_a,ba_b,multiclass_accuracy,realized_snr_min,realized_snr_max
30,42,0.7085176991150443,0.5846238938053098,0.42035398230088494,29.999999999999986,30.000000000000014
30,101,0.7085176991150443,0.5868362831858407,0.42212389380530974,29.999999999999986,30.000000000000014
30,202,0.7168141592920354,0.5846238938053098,0.42920353982300885,29.999999999999986,30.000000000000014
30,303,0.7096238938053098,0.5835176991150443,0.4283185840707965,29.999999999999986,30.000000000000014
30,404,0.7085176991150443,0.5807522123893806,0.42035398230088494,29.999999999999986,30.000000000000014
30,505,0.7129424778761062,0.5824115044247788,0.4247787610619469,29.999999999999986,30.000000000000014
30,606,0.7112831858407079,0.5879424778761062,0.4230088495575221,29.999999999999986,30.000000000000014
30,707,0.7046460176991151,0.5829646017699115,0.4150442477876106,29.999999999999986,30.000000000000014
30,808,0.7157079646017699,0.5857300884955753,0.4283185840707965,29.999999999999982,30.000000000000014
30,909,0.7101769911504425,0.5873893805309734,0.42035398230088494,29.999999999999986,30.000000000000014
20,42,0.7422566371681416,0.588495575221239,0.4557522123893805,19.999999999999986,20.000000000000014
20,101,0.7527654867256637,0.5868362831858407,0.4690265486725664,19.999999999999986,20.000000000000014
20,202,0.7267699115044248,0.5801991150442478,0.45132743362831856,19.999999999999986,20.000000000000014
20,303,0.7560840707964602,0.5768805309734513,0.46814159292035395,19.999999999999986,20.000000000000014
20,404,0.7311946902654867,0.5901548672566372,0.46283185840707963,19.99999999999999,20.000000000000014
20,505,0.7488938053097345,0.584070796460177,0.47079646017699117,19.999999999999986,20.000000000000014
20,606,0.7538716814159292,0.5912610619469026,0.4761061946902655,19.999999999999986,20.000000000000014
20,707,0.7466814159292036,0.5862831858407079,0.4504424778761062,19.999999999999986,20.000000000000014
20,808,0.7389380530973451,0.5973451327433629,0.46814159292035395,19.999999999999986,20.000000000000014
20,909,0.7671460176991151,0.581858407079646,0.47699115044247786,19.999999999999986,20.000000000000014
15,42,0.5243362831858407,0.5591814159292036,0.33716814159292036,14.999999999999986,15.000000000000016
15,101,0.5315265486725663,0.5608407079646018,0.3495575221238938,14.999999999999986,15.00000000000001
15,202,0.5165929203539823,0.5597345132743363,0.336283185840708,14.999999999999986,15.000000000000016
15,303,0.5271017699115045,0.5702433628318584,0.3433628318584071,14.999999999999986,15.000000000000016
15,404,0.525995575221239,0.5597345132743363,0.3327433628318584,14.999999999999986,15.00000000000001
15,505,0.5398230088495575,0.5785398230088495,0.3407079646017699,14.999999999999986,15.000000000000014
15,606,0.519358407079646,0.581858407079646,0.3309734513274336,14.999999999999986,15.000000000000014
15,707,0.514933628318584,0.5597345132743363,0.336283185840708,14.999999999999986,15.000000000000014
15,808,0.5210176991150443,0.5702433628318584,0.3433628318584071,14.999999999999986,15.000000000000014
15,909,0.5254424778761062,0.564712389380531,0.3398230088495575,14.999999999999986,15.00000000000001
10,42,0.5,0.4657079646017699,0.28584070796460176,9.999999999999988,10.000000000000016
10,101,0.5,0.4668141592920354,0.2938053097345133,9.999999999999986,10.000000000000014
10,202,0.5,0.4430309734513274,0.2902654867256637,9.999999999999988,10.000000000000016
10,303,0.5,0.44192477876106195,0.2929203539823009,9.999999999999988,10.000000000000014
10,404,0.5,0.4657079646017699,0.2902654867256637,9.999999999999988,10.000000000000014
10,505,0.5,0.4640486725663717,0.29557522123893804,9.999999999999986,10.000000000000014
10,606,0.5,0.4607300884955752,0.28938053097345134,9.999999999999986,10.000000000000014
10,707,0.5,0.46626106194690264,0.29646017699115046,9.999999999999986,10.000000000000016
10,808,0.5,0.44745575221238937,0.2920353982300885,9.999999999999986,10.000000000000016
10,909,0.5,0.4540929203539823,0.2911504424778761,9.999999999999986,10.000000000000014
