frequency_hz,max_percent_error,required_1_percent
12.288,3.8270236352653,0
20.48,0.444313601611412,0
40.96,0.125388803416349,1
81.92,0.0312776399734149,1
159.744,0.00822009049292749,1
163.84,0.00781410388825954,1
216.67,0.00446582590563072,1
327.68,0.00116521414827986,1
399.36,0.0047889370197618,1
10,1.97372099851502,0
10.24,3.12212247263246,0
11,5.02809790071967,0
15,0.375723691612229,0
30,0.23315332878997,0
100,0.0209839402752321,0
140,0.0107030711893774,0
200,0.00524285376750644,0
400,0.00107598046799051,0
409.6,7.01095798440363,0
