frequency_hz,phase_rad,expected_mm_s,computed_mm_s,relative_error
12.288,0,7.68246293171558,7.38845325954833,0.0382702363526529
12.288,0.392699081698724,7.68246293171558,7.38845325954833,0.0382702363526529
12.288,0.785398163397448,7.68246293171558,7.38845325954833,0.0382702363526529
12.288,1.17809724509617,7.68246293171558,7.38845325954833,0.0382702363526528
12.288,1.5707963267949,7.68246293171558,7.38845325954833,0.0382702363526529
12.288,1.96349540849362,7.68246293171558,7.38845325954833,0.0382702363526528
12.288,2.35619449019234,7.68246293171558,7.38845325954833,0.038270236352653
12.288,2.74889357189107,7.68246293171558,7.38845325954833,0.0382702363526528
12.288,3.14159265358979,7.68246293171558,7.38845325954833,0.0382702363526529
12.288,3.53429173528852,7.68246293171558,7.38845325954833,0.038270236352653
12.288,3.92699081698724,7.68246293171558,7.38845325954833,0.0382702363526529
12.288,4.31968989868597,7.68246293171558,7.38845325954833,0.038270236352653
12.288,4.71238898038469,7.68246293171558,7.38845325954833,0.038270236352653
12.288,5.10508806208341,7.68246293171558,7.38845325954833,0.0382702363526528
12.288,5.49778714378214,7.68246293171558,7.38845325954833,0.0382702363526529
12.288,5.89048622548086,7.68246293171558,7.38845325954833,0.038270236352653
20.48,0,5.47753732155401,5.50187476490701,0.0044431360161139
20.48,0.392699081698724,5.47753732155401,5.50187476490701,0.0044431360161139
20.48,0.785398163397448,5.47753732155401,5.50187476490701,0.00444313601611412
20.48,1.17809724509617,5.47753732155401,5.50187476490701,0.00444313601611368
20.48,1.5707963267949,5.47753732155401,5.50187476490701,0.00444313601611368
20.48,1.96349540849362,5.47753732155401,5.50187476490701,0.0044431360161139
20.48,2.35619449019234,5.47753732155401,5.50187476490701,0.0044431360161139
20.48,2.74889357189107,5.47753732155401,5.50187476490701,0.0044431360161139
20.48,3.14159265358979,5.47753732155401,5.50187476490701,0.0044431360161139
20.48,3.53429173528852,5.47753732155401,5.50187476490701,0.00444313601611368
20.48,3.92699081698724,5.47753732155401,5.50187476490701,0.0044431360161139
20.48,4.31968989868597,5.47753732155401,5.50187476490701,0.0044431360161139
20.48,4.71238898038469,5.47753732155401,5.50187476490701,0.0044431360161139
20.48,5.10508806208341,5.47753732155401,5.50187476490701,0.0044431360161139
20.48,5.49778714378214,5.47753732155401,5.50187476490701,0.00444313601611368
20.48,5.89048622548086,5.47753732155401,5.50187476490701,0.0044431360161139
40.96,0,2.74751402465004,2.75095909960925,0.00125388803416326
40.96,0.392699081698724,2.74751402465004,2.75095909960925,0.00125388803416349
40.96,0.785398163397448,2.74751402465004,2.75095909960925,0.00125388803416349
40.96,1.17809724509617,2.74751402465004,2.75095909960925,0.00125388803416349
40.96,1.5707963267949,2.74751402465004,2.75095909960925,0.00125388803416349
40.96,1.96349540849362,2.74751402465004,2.75095909960925,0.00125388803416349
40.96,2.35619449019234,2.74751402465004,2.75095909960925,0.00125388803416326
40.96,2.74889357189107,2.74751402465004,2.75095909960925,0.00125388803416326
40.96,3.14159265358979,2.74751402465004,2.75095909960925,0.00125388803416326
40.96,3.53429173528852,2.74751402465004,2.75095909960925,0.00125388803416349
40.96,3.92699081698724,2.74751402465004,2.75095909960925,0.00125388803416349
40.96,4.31968989868597,2.74751402465004,2.75095909960925,0.00125388803416349
40.96,4.71238898038469,2.74751402465004,2.75095909960925,0.00125388803416326
40.96,5.10508806208341,2.74751402465004,2.75095909960925,0.00125388803416326
40.96,5.49778714378214,2.74751402465004,2.75095909960925,0.00125388803416349
40.96,5.89048622548086,2.74751402465004,2.75095909960925,0.00125388803416349
81.92,0,1.37377361532209,1.37420329928754,0.000312776399733483
81.92,0.392699081698724,1.37377361532209,1.37420329928754,0.000312776399733483
81.92,0.785398163397448,1.37377361532209,1.37420329928754,0.000312776399733927
81.92,1.17809724509617,1.37377361532209,1.37420329928754,0.000312776399733483
81.92,1.5707963267949,1.37377361532209,1.37420329928754,0.000312776399733705
81.92,1.96349540849362,1.37377361532209,1.37420329928754,0.000312776399733483
81.92,2.35619449019234,1.37377361532209,1.37420329928754,0.000312776399733705
81.92,2.74889357189107,1.37377361532209,1.37420329928754,0.000312776399733261
81.92,3.14159265358979,1.37377361532209,1.37420329928754,0.000312776399733705
81.92,3.53429173528852,1.37377361532209,1.37420329928754,0.000312776399733483
81.92,3.92699081698724,1.37377361532209,1.37420329928754,0.000312776399734149
81.92,4.31968989868597,1.37377361532209,1.37420329928754,0.000312776399733705
81.92,4.71238898038469,1.37377361532209,1.37420329928754,0.000312776399733705
81.92,5.10508806208341,1.37377361532209,1.37420329928754,0.000312776399733483
81.92,5.49778714378214,1.37377361532209,1.37420329928754,0.000312776399733483
81.92,5.89048622548086,1.37377361532209,1.37420329928754,0.000312776399733483
159.744,0,0.704498746478273,0.704556656912755,8.22009049281647e-05
159.744,0.392699081698724,0.704498746478273,0.704556656912755,8.22009049290529e-05
159.744,0.785398163397448,0.704498746478273,0.704556656912755,8.22009049292749e-05
159.744,1.17809724509617,0.704498746478273,0.704556656912756,8.22009049292749e-05
159.744,1.5707963267949,0.704498746478273,0.704556656912755,8.22009049290529e-05
159.744,1.96349540849362,0.704498746478273,0.704556656912755,8.22009049286088e-05
159.744,2.35619449019234,0.704498746478273,0.704556656912755,8.22009049279426e-05
159.744,2.74889357189107,0.704498746478273,0.704556656912755,8.22009049281647e-05
159.744,3.14159265358979,0.704498746478273,0.704556656912755,8.22009049281647e-05
159.744,3.53429173528852,0.704498746478273,0.704556656912755,8.22009049292749e-05
159.744,3.92699081698724,0.704498746478273,0.704556656912755,8.22009049292749e-05
159.744,4.31968989868597,0.704498746478273,0.704556656912755,8.22009049292749e-05
159.744,4.71238898038469,0.704498746478273,0.704556656912756,8.22009049292749e-05
159.744,5.10508806208341,0.704498746478273,0.704556656912755,8.22009049281647e-05
159.744,5.49778714378214,0.704498746478273,0.704556656912755,8.22009049281647e-05
159.744,5.89048622548086,0.704498746478273,0.704556656912754,8.22009049277206e-05
163.84,0,0.68688612588206,0.686939799877529,7.81410388814852e-05
163.84,0.392699081698724,0.68688612588206,0.686939799877529,7.81410388814852e-05
163.84,0.785398163397448,0.68688612588206,0.686939799877529,7.81410388812631e-05
163.84,1.17809724509617,0.68688612588206,0.68693979987753,7.81410388819292e-05
163.84,1.5707963267949,0.68688612588206,0.68693979987753,7.81410388821513e-05
163.84,1.96349540849362,0.68688612588206,0.68693979987753,7.81410388823733e-05
163.84,2.35619449019234,0.68688612588206,0.686939799877529,7.81410388817072e-05
163.84,2.74889357189107,0.68688612588206,0.686939799877529,7.81410388817072e-05
163.84,3.14159265358979,0.68688612588206,0.686939799877529,7.81410388812631e-05
163.84,3.53429173528852,0.68688612588206,0.686939799877529,7.81410388814852e-05
163.84,3.92699081698724,0.68688612588206,0.686939799877529,7.81410388814852e-05
163.84,4.31968989868597,0.68688612588206,0.68693979987753,7.81410388819292e-05
163.84,4.71238898038469,0.68688612588206,0.68693979987753,7.81410388825954e-05
163.84,5.10508806208341,0.68688612588206,0.68693979987753,7.81410388819292e-05
163.84,5.49778714378214,0.68688612588206,0.68693979987753,7.81410388819292e-05
163.84,5.89048622548086,0.68688612588206,0.686939799877529,7.81410388814852e-05
216.67,0,0.519396085222121,0.519419280529541,4.46582253519345e-05
216.67,0.392699081698724,0.519396085222121,0.519419280521168,4.46582092299419e-05
216.67,0.785398163397448,0.519396085222121,0.519419280520045,4.46582070685597e-05
216.67,1.17809724509617,0.519396085222121,0.519419280526831,4.46582201341084e-05
216.67,1.5707963267949,0.519396085222121,0.519419280537551,4.46582407727103e-05
216.67,1.96349540849362,0.519396085222121,0.519419280545925,4.4658256895147e-05
216.67,2.35619449019234,0.519396085222121,0.519419280547047,4.46582590563072e-05
216.67,2.74889357189107,0.519396085222121,0.519419280540261,4.46582459909806e-05
216.67,3.14159265358979,0.519396085222121,0.519419280529541,4.46582253519345e-05
216.67,3.53429173528852,0.519396085222121,0.519419280521167,4.46582092297199e-05
216.67,3.92699081698724,0.519396085222121,0.519419280520045,4.46582070685597e-05
216.67,4.31968989868597,0.519396085222121,0.519419280526831,4.46582201338863e-05
216.67,4.71238898038469,0.519396085222121,0.519419280537551,4.46582407731544e-05
216.67,5.10508806208341,0.519396085222121,0.519419280545925,4.4658256894925e-05
216.67,5.49778714378214,0.519396085222121,0.519419280547047,4.46582590563072e-05
216.67,5.89048622548086,0.519396085222121,0.519419280540261,4.46582459905365e-05
327.68,0,0.341829389269204,0.34183337231361,1.16521414825765e-05
327.68,0.392699081698724,0.341829389269204,0.34183337231361,1.16521414825765e-05
327.68,0.785398163397448,0.341829389269204,0.34183337231361,1.16521414825765e-05
327.68,1.17809724509617,0.341829389269204,0.34183337231361,1.16521414821324e-05
327.68,1.5707963267949,0.341829389269204,0.34183337231361,1.16521414821324e-05
327.68,1.96349540849362,0.341829389269204,0.34183337231361,1.16521414823545e-05
327.68,2.35619449019234,0.341829389269204,0.34183337231361,1.16521414825765e-05
327.68,2.74889357189107,0.341829389269204,0.34183337231361,1.16521414825765e-05
327.68,3.14159265358979,0.341829389269204,0.34183337231361,1.16521414825765e-05
327.68,3.53429173528852,0.341829389269204,0.34183337231361,1.16521414821324e-05
327.68,3.92699081698724,0.341829389269204,0.34183337231361,1.16521414827986e-05
327.68,4.31968989868597,0.341829389269204,0.34183337231361,1.16521414819104e-05
327.68,4.71238898038469,0.341829389269204,0.34183337231361,1.16521414821324e-05
327.68,5.10508806208341,0.341829389269204,0.34183337231361,1.16521414825765e-05
327.68,5.49778714378214,0.341829389269204,0.34183337231361,1.16521414827986e-05
327.68,5.89048622548086,0.341829389269204,0.34183337231361,1.16521414825765e-05
399.36,0,0.195677480419221,0.195668109547922,4.78893701950645e-05
399.36,0.392699081698724,0.195677480419221,0.195668109547922,4.78893701972849e-05
399.36,0.785398163397448,0.195677480419221,0.195668109547922,4.78893701967298e-05
399.36,1.17809724509617,0.195677480419221,0.195668109547922,4.78893701973959e-05
399.36,1.5707963267949,0.195677480419221,0.195668109547922,4.78893701973959e-05
399.36,1.96349540849362,0.195677480419221,0.195668109547922,4.78893701950645e-05
399.36,2.35619449019234,0.195677480419221,0.195668109547923,4.78893701938432e-05
399.36,2.74889357189107,0.195677480419221,0.195668109547923,4.7889370192622e-05
399.36,3.14159265358979,0.195677480419221,0.195668109547923,4.78893701945093e-05
399.36,3.53429173528852,0.195677480419221,0.195668109547922,4.78893701972849e-05
399.36,3.92699081698724,0.195677480419221,0.195668109547922,4.78893701967298e-05
399.36,4.31968989868597,0.195677480419221,0.195668109547922,4.7889370197618e-05
399.36,4.71238898038469,0.195677480419221,0.195668109547922,4.78893701973959e-05
399.36,5.10508806208341,0.195677480419221,0.195668109547923,4.78893701941763e-05
399.36,5.49778714378214,0.195677480419221,0.195668109547923,4.78893701937322e-05
399.36,5.89048622548086,0.195677480419221,0.195668109547922,4.78893701946204e-05
10,0,5.62697697598191,5.51597972519094,0.0197259116688682
10,0.392699081698724,5.62697697598191,5.51591614982535,0.0197372099851502
10,0.785398163397448,5.62697697598191,5.51599683474045,0.0197228710398448
10,1.17809724509617,5.62697697598191,5.51617451154753,0.0196912951496558
10,1.5707963267949,5.62697697598191,5.51634509608732,0.0196609796640025
10,1.96349540849362,5.62697697598191,5.5164086665094,0.0196496822262578
10,2.35619449019234,5.62697697598191,5.51632798761799,0.0196640201010622
10,2.74889357189107,5.62697697598191,5.51615031575441,0.0196955951127131
10,3.14159265358979,5.62697697598191,5.51597972519094,0.0197259116688682
10,3.53429173528852,5.62697697598191,5.51591614982535,0.0197372099851502
10,3.92699081698724,5.62697697598191,5.51599683474045,0.0197228710398446
10,4.31968989868597,5.62697697598191,5.51617451154753,0.019691295149656
10,4.71238898038469,5.62697697598191,5.51634509608732,0.0196609796640025
10,5.10508806208341,5.62697697598191,5.5164086665094,0.0196496822262578
10,5.49778714378214,5.62697697598191,5.51632798761799,0.0196640201010622
10,5.89048622548086,5.62697697598191,5.51615031575441,0.0196955951127136
10.24,0,6.01516687345365,5.82736599673121,0.0312212247263242
10.24,0.392699081698724,6.01516687345365,5.82736599673121,0.0312212247263246
10.24,0.785398163397448,6.01516687345365,5.82736599673121,0.031221224726324
10.24,1.17809724509617,6.01516687345365,5.82736599673121,0.0312212247263242
10.24,1.5707963267949,6.01516687345365,5.82736599673121,0.0312212247263242
10.24,1.96349540849362,6.01516687345365,5.82736599673121,0.0312212247263242
10.24,2.35619449019234,6.01516687345365,5.82736599673121,0.0312212247263244
10.24,2.74889357189107,6.01516687345365,5.82736599673121,0.0312212247263237
10.24,3.14159265358979,6.01516687345365,5.82736599673121,0.0312212247263242
10.24,3.53429173528852,6.01516687345365,5.82736599673121,0.0312212247263245
10.24,3.92699081698724,6.01516687345365,5.82736599673121,0.031221224726324
10.24,4.31968989868597,6.01516687345365,5.82736599673121,0.0312212247263244
10.24,4.71238898038469,6.01516687345365,5.82736599673121,0.0312212247263242
10.24,5.10508806208341,6.01516687345365,5.82736599673121,0.0312212247263244
10.24,5.49778714378214,6.01516687345365,5.82736599673121,0.0312212247263244
10.24,5.89048622548086,6.01516687345365,5.82736599673121,0.0312212247263242
11,0,6.97751915311654,6.62670528780537,0.0502777359134121
11,0.392699081698724,6.97751915311654,6.62668265905637,0.0502809790071967
11,0.785398163397448,6.97751915311654,6.62670275566479,0.0502780988132511
11,1.17809724509617,6.97751915311654,6.62675380504026,0.0502707825487817
11,1.5707963267949,6.97751915311654,6.6268059028534,0.0502633160249365
11,1.96349540849362,6.97751915311654,6.62682853118155,0.0502600729914661
11,2.35619449019234,6.97751915311654,6.62680843495456,0.0502629531307461
11,2.74889357189107,6.97751915311654,6.62675738599994,0.0502702693349014
11,3.14159265358979,6.97751915311654,6.62670528780537,0.0502777359134121
11,3.53429173528852,6.97751915311654,6.62668265905637,0.0502809790071967
11,3.92699081698724,6.97751915311654,6.62670275566479,0.0502780988132511
11,4.31968989868597,6.97751915311654,6.62675380504026,0.0502707825487817
11,4.71238898038469,6.97751915311654,6.62680590285339,0.0502633160249367
11,5.10508806208341,6.97751915311654,6.62682853118155,0.050260072991466
11,5.49778714378214,6.97751915311654,6.62680843495456,0.0502629531307461
11,5.89048622548086,6.97751915311654,6.62675738599994,0.0502702693349018
15,0,7.22173830972911,7.19462784191199,0.00375400861321706
15,0.392699081698724,7.22173830972911,7.19460452795322,0.00375723691612229
15,0.785398163397448,7.22173830972911,7.1946071537263,0.00375687332317998
15,1.17809724509617,7.22173830972911,7.19463418106679,0.0037531308252754
15,1.5707963267949,7.22173830972911,7.19466977757568,0.00374820174762702
15,1.96349540849362,7.22173830972911,7.19469309132301,0.00374497347399949
15,2.35619449019234,7.22173830972911,7.19469046558129,0.00374533706259861
15,2.74889357189107,7.22173830972911,7.19466343845223,0.00374907953122561
15,3.14159265358979,7.22173830972911,7.19462784191199,0.00375400861321684
15,3.53429173528852,7.22173830972911,7.19460452795322,0.00375723691612229
15,3.92699081698724,7.22173830972911,7.1946071537263,0.00375687332317998
15,4.31968989868597,7.22173830972911,7.19463418106679,0.00375313082527529
15,4.71238898038469,7.22173830972911,7.19466977757568,0.00374820174762669
15,5.10508806208341,7.22173830972911,7.19469309132301,0.00374497347399949
15,5.49778714378214,7.22173830972911,7.19469046558129,0.00374533706259883
15,5.89048622548086,7.22173830972911,7.19466343845224,0.0037490795312255
30,0,3.75075769866577,3.75950263749643,0.00233151259911435
30,0.392699081698724,3.75075769866577,3.75950267384725,0.00233152229070654
30,0.785398163397448,3.75075769866577,3.75950270598965,0.00233153086028226
30,1.17809724509617,3.75075769866577,3.75950271509506,0.0023315332878997
30,1.5707963267949,3.75075769866577,3.75950269582964,0.00233152815149396
30,1.96349540849362,3.75075769866577,3.75950265947883,0.00233151845990154
30,2.35619449019234,3.75075769866577,3.75950262733642,0.0023315098903256
30,2.74889357189107,3.75075769866577,3.75950261823102,0.00233150746270816
30,3.14159265358979,3.75075769866577,3.75950263749643,0.00233151259911413
30,3.53429173528852,3.75075769866577,3.75950267384725,0.00233152229070654
30,3.92699081698724,3.75075769866577,3.75950270598965,0.00233153086028226
30,4.31968989868597,3.75075769866577,3.75950271509506,0.0023315332878997
30,4.71238898038469,3.75075769866577,3.75950269582964,0.00233152815149396
30,5.10508806208341,3.75075769866577,3.75950265947883,0.00233151845990154
30,5.49778714378214,3.75075769866577,3.75950262733642,0.00233150989032582
30,5.89048622548086,3.75075769866577,3.75950261823102,0.00233150746270838
100,0,1.12539537228474,1.12563152420225,0.000209839069294171
100,0.392699081698724,1.12539537228474,1.12563152407468,0.000209838955939734
100,0.785398163397448,1.12539537228474,1.12563152409439,0.000209838973453502
100,1.17809724509617,1.12539537228474,1.12563152424983,0.000209839111576571
100,1.5707963267949,1.12539537228474,1.12563152444995,0.000209839289397884
100,1.96349540849362,1.12539537228474,1.12563152457752,0.000209839402752099
100,2.35619449019234,1.12539537228474,1.12563152455781,0.000209839385238553
100,2.74889357189107,1.12539537228474,1.12563152440237,0.000209839247115706
100,3.14159265358979,1.12539537228474,1.12563152420225,0.000209839069294393
100,3.53429173528852,1.12539537228474,1.12563152407468,0.000209838955939734
100,3.92699081698724,1.12539537228474,1.12563152409439,0.000209838973453724
100,4.31968989868597,1.12539537228474,1.12563152424983,0.000209839111576349
100,4.71238898038469,1.12539537228474,1.12563152444995,0.000209839289397884
100,5.10508806208341,1.12539537228474,1.12563152457752,0.000209839402752321
100,5.49778714378214,1.12539537228474,1.12563152455781,0.000209839385238331
100,5.89048622548086,1.12539537228474,1.12563152440237,0.000209839247115928
140,0,0.803853659937024,0.803939696821461,0.000107030531457664
140,0.392699081698724,0.803853659937024,0.803939696966505,0.000107030711893774
140,0.785398163397448,0.803853659937024,0.803939696877187,0.000107030600781099
140,1.17809724509617,0.803853659937024,0.803939696605829,0.000107030263209573
140,1.5707963267949,0.803853659937024,0.803939696311388,0.00010702989692235
140,1.96349540849362,0.803853659937024,0.803939696166344,0.000107029716486684
140,2.35619449019234,0.803853659937024,0.803939696255662,0.000107029827598693
140,2.74889357189107,0.803853659937024,0.80393969652702,0.000107030165170663
140,3.14159265358979,0.803853659937024,0.803939696821461,0.000107030531457442
140,3.53429173528852,0.803853659937024,0.803939696966505,0.000107030711893774
140,3.92699081698724,0.803853659937024,0.803939696877187,0.000107030600781322
140,4.31968989868597,0.803853659937024,0.803939696605829,0.000107030263209795
140,4.71238898038469,0.803853659937024,0.803939696311388,0.00010702989692235
140,5.10508806208341,0.803853659937024,0.803939696166344,0.00010702971648624
140,5.49778714378214,0.803853659937024,0.803939696255662,0.000107029827598693
140,5.89048622548086,0.803853659937024,0.80393969652702,0.000107030165170441
200,0,0.562693466616786,0.562722967790123,5.24284980840672e-05
200,0.392699081698724,0.562693466616786,0.562722967750794,5.24284281908649e-05
200,0.785398163397448,0.562693466616786,0.562722967717453,5.24283689382621e-05
200,1.17809724509617,0.562693466616786,0.56272296770963,5.24283550356053e-05
200,1.5707963267949,0.562693466616786,0.562722967731908,5.24283946268245e-05
200,1.96349540849362,0.562693466616786,0.562722967771236,5.24284645200268e-05
200,2.35619449019234,0.562693466616786,0.562722967804578,5.24285237726296e-05
200,2.74889357189107,0.562693466616786,0.5627229678124,5.24285376750644e-05
200,3.14159265358979,0.562693466616786,0.562722967790123,5.24284980838452e-05
200,3.53429173528852,0.562693466616786,0.562722967750794,5.24284281908649e-05
200,3.92699081698724,0.562693466616786,0.562722967717453,5.24283689382621e-05
200,4.31968989868597,0.562693466616786,0.56272296770963,5.24283550356053e-05
200,4.71238898038469,0.562693466616786,0.562722967731908,5.24283946270465e-05
200,5.10508806208341,0.562693466616786,0.562722967771236,5.24284645198048e-05
200,5.49778714378214,0.562693466616786,0.562722967804577,5.24285237724076e-05
200,5.89048622548086,0.562693466616786,0.5627229678124,5.24285376748423e-05
400,0,0.192386721852396,0.192384651926122,1.07591950908592e-05
400,0.392699081698724,0.192386721852396,0.1923846519747,1.07589425911714e-05
400,0.785398163397448,0.192386721852396,0.1923846519747,1.07589425886179e-05
400,1.17809724509617,0.192386721852396,0.192384651926123,1.07591950887498e-05
400,1.5707963267949,0.192386721852396,0.192384651857423,1.0759552178996e-05
400,1.96349540849362,0.192386721852396,0.192384651808846,1.07598046784618e-05
400,2.35619449019234,0.192386721852396,0.192384651808846,1.07598046799051e-05
400,2.74889357189107,0.192386721852396,0.192384651857423,1.07595521791071e-05
400,3.14159265358979,0.192386721852396,0.192384651926122,1.07591950911923e-05
400,3.53429173528852,0.192386721852396,0.1923846519747,1.07589425910604e-05
400,3.92699081698724,0.192386721852396,0.192384651974701,1.07589425881738e-05
400,4.31968989868597,0.192386721852396,0.192384651926123,1.07591950893049e-05
400,4.71238898038469,0.192386721852396,0.192384651857423,1.07595521794401e-05
400,5.10508806208341,0.192386721852396,0.192384651808846,1.07598046780177e-05
400,5.49778714378214,0.192386721852396,0.192384651808846,1.0759804679239e-05
400,5.89048622548086,0.192386721852396,0.192384651857423,1.07595521807724e-05
409.6,0,0.137377367577683,0.127745898056733,0.0701095798440304
409.6,0.392699081698724,0.137377367577683,0.127745898056732,0.0701095798440363
409.6,0.785398163397448,0.137377367577683,0.127745898056734,0.0701095798440258
409.6,1.17809724509617,0.137377367577683,0.127745898056733,0.0701095798440289
409.6,1.5707963267949,0.137377367577683,0.127745898056732,0.0701095798440351
409.6,1.96349540849362,0.137377367577683,0.127745898056733,0.0701095798440292
409.6,2.35619449019234,0.137377367577683,0.127745898056733,0.0701095798440304
409.6,2.74889357189107,0.137377367577683,0.127745898056734,0.0701095798440248
409.6,3.14159265358979,0.137377367577683,0.127745898056733,0.0701095798440314
409.6,3.53429173528852,0.137377367577683,0.127745898056732,0.0701095798440349
409.6,3.92699081698724,0.137377367577683,0.127745898056734,0.0701095798440248
409.6,4.31968989868597,0.137377367577683,0.127745898056733,0.0701095798440304
409.6,4.71238898038469,0.137377367577683,0.127745898056732,0.0701095798440361
409.6,5.10508806208341,0.137377367577683,0.127745898056734,0.0701095798440254
409.6,5.49778714378214,0.137377367577683,0.127745898056733,0.0701095798440287
409.6,5.89048622548086,0.137377367577683,0.127745898056732,0.0701095798440351
