X,Y,Z
0.000000000000000000e+00,6.999999999999999556e-01,0.000000000000000000e+00
8.443279255020150753e-01,6.780082127900417532e-01,1.809654104932039154e-01
9.048270524660194658e-01,6.134146760307044310e-01,-1.541026485551578729e-01
1.253332335643040918e-01,5.102780391949880423e-01,-4.973797743297089791e-02
-7.705132427757893643e-01,3.750787564852975375e-01,1.964574501457377331e-01
-9.510565162951536422e-01,2.163118960624632048e-01,-1.175570504584945719e-01
-2.486898871648544895e-01,4.395336367051930898e-02,-9.635073482034295367e-02
6.845471059286892812e-01,-1.311669202100073650e-01,1.996053456856543562e-01
9.822872507286886101e-01,-2.980455040955508617e-01,-7.362491053693574761e-02
3.681245526846779748e-01,-4.461967928240828107e-01,-1.369094211857377341e-01
-5.877852522924728040e-01,-5.663118960624631271e-01,1.902113032590306840e-01
-9.980267284282714479e-01,-6.508435401217760319e-01,-2.506664671286124024e-02
-4.817536741017147683e-01,-6.944802909201345242e-01,-1.688655851004028929e-01
4.817536741017154345e-01,-6.944802909201345242e-01,1.688655851004030595e-01
9.980267284282716700e-01,-6.508435401217758098e-01,2.506664671286022023e-02
5.877852522924721379e-01,-5.663118960624630160e-01,-1.902113032590305730e-01
-3.681245526846786964e-01,-4.461967928240826442e-01,1.369094211857379839e-01
-9.822872507286890542e-01,-2.980455040955504731e-01,7.362491053693479004e-02
-6.845471059286886151e-01,-1.311669202100072262e-01,-1.996053456856543284e-01
2.486898871648561271e-01,4.395336367051960041e-02,9.635073482034355041e-02
9.510565162951533091e-01,2.163118960624630382e-01,1.175570504584948772e-01
7.705132427757888092e-01,3.750787564852977041e-01,-1.964574501457377886e-01
-1.253332335643062012e-01,5.102780391949882643e-01,4.973797743297173057e-02
-9.048270524660194658e-01,6.134146760307044310e-01,1.541026485551579006e-01
-8.443279255020144092e-01,6.780082127900417532e-01,-1.809654104932041374e-01
2.572996239482618561e-15,6.999999999999999556e-01,1.029198495793047503e-15
8.443279255020152974e-01,6.780082127900417532e-01,1.809654104932038321e-01
9.048270524660187997e-01,6.134146760307043200e-01,-1.541026485551583169e-01
1.253332335643010942e-01,5.102780391949877092e-01,-4.973797743296973217e-02
-7.705132427757899194e-01,3.750787564852974820e-01,1.964574501457376776e-01
-9.510565162951528650e-01,2.163118960624627884e-01,-1.175570504584954046e-01
-2.486898871648546006e-01,4.395336367051932286e-02,-9.635073482034299530e-02
6.845471059286898363e-01,-1.311669202100075038e-01,1.996053456856543562e-01
9.822872507286881660e-01,-2.980455040955513057e-01,-7.362491053693669130e-02
3.681245526846739224e-01,-4.461967928240833103e-01,-1.369094211857364574e-01
-5.877852522924720269e-01,-5.663118960624630160e-01,1.902113032590305730e-01
-9.980267284282715590e-01,-6.508435401217760319e-01,-2.506664671286085166e-02
-4.817536741017140467e-01,-6.944802909201345242e-01,-1.688655851004027264e-01
4.817536741017177104e-01,-6.944802909201344132e-01,1.688655851004036146e-01
9.980267284282717810e-01,-6.508435401217756988e-01,2.506664671285920021e-02
5.877852522924743583e-01,-5.663118960624633491e-01,-1.902113032590309061e-01
-3.681245526846778082e-01,-4.461967928240828107e-01,1.369094211857376786e-01
-9.822872507286889432e-01,-2.980455040955506396e-01,7.362491053693515086e-02
-6.845471059286868387e-01,-1.311669202100067821e-01,-1.996053456856542452e-01
2.486898871648586251e-01,4.395336367052005144e-02,9.635073482034445247e-02
9.510565162951551965e-01,2.163118960624640652e-01,1.175570504584929066e-01
7.705132427757894753e-01,3.750787564852975375e-01,-1.964574501457377054e-01
-1.253332335643052298e-01,5.102780391949881533e-01,4.973797743297134893e-02
-9.048270524660205760e-01,6.134146760307046531e-01,1.541026485551572345e-01
-8.443279255020130769e-01,6.780082127900418643e-01,-1.809654104932045537e-01
5.145992478965237122e-15,6.999999999999999556e-01,2.058396991586095006e-15
8.443279255020147422e-01,6.780082127900417532e-01,1.809654104932040264e-01
9.048270524660191327e-01,6.134146760307044310e-01,-1.541026485551580671e-01
1.253332335643020656e-01,5.102780391949877092e-01,-4.973797743297011381e-02
-7.705132427757914737e-01,3.750787564852970934e-01,1.964574501457374833e-01
-9.510565162951520879e-01,2.163118960624623444e-01,-1.175570504584962372e-01
-2.486898871648486609e-01,4.395336367051825427e-02,-9.635073482034084424e-02
6.845471059286891702e-01,-1.311669202100073373e-01,1.996053456856543562e-01
9.822872507286882771e-01,-2.980455040955511392e-01,-7.362491053693633047e-02
3.681245526846748106e-01,-4.461967928240832548e-01,-1.369094211857367627e-01
-5.877852522924770229e-01,-5.663118960624636822e-01,1.902113032590313224e-01
-9.980267284282712259e-01,-6.508435401217763649e-01,-2.506664671286328375e-02
-4.817536741017149349e-01,-6.944802909201345242e-01,-1.688655851004029484e-01
4.817536741017168223e-01,-6.944802909201344132e-01,1.688655851004033925e-01
9.980267284282717810e-01,-6.508435401217756988e-01,2.506664671285958879e-02
5.877852522924751355e-01,-5.663118960624634601e-01,-1.902113032590310449e-01
-3.681245526846834704e-01,-4.461967928240819226e-01,1.369094211857394827e-01
-9.822872507286887211e-01,-2.980455040955508061e-01,7.362491053693551168e-02
-6.845471059286822868e-01,-1.311669202100057274e-01,-1.996053456856541064e-01
2.486898871648576814e-01,4.395336367051988491e-02,9.635073482034410552e-02
9.510565162951527540e-01,2.163118960624627329e-01,1.175570504584955156e-01
7.705132427757855895e-01,3.750787564852984812e-01,-1.964574501457381772e-01
-1.253332335643042583e-01,5.102780391949880423e-01,4.973797743297096730e-02
-9.048270524660231295e-01,6.134146760307052082e-01,1.541026485551556802e-01
-8.443279255020136320e-01,6.780082127900418643e-01,-1.809654104932043872e-01
-2.939152317953647500e-15,6.999999999999999556e-01,-1.175660927181459039e-15
8.443279255020180729e-01,6.780082127900415312e-01,1.809654104932029717e-01
9.048270524660195768e-01,6.134146760307044310e-01,-1.541026485551578173e-01
1.253332335642959872e-01,5.102780391949870431e-01,-4.973797743296774071e-02
-7.705132427757909186e-01,3.750787564852972600e-01,1.964574501457375666e-01
-9.510565162951545304e-01,2.163118960624637044e-01,-1.175570504584936143e-01
-2.486898871648496046e-01,4.395336367051842774e-02,-9.635073482034117731e-02
6.845471059286883930e-01,-1.311669202100071707e-01,1.996053456856543284e-01
9.822872507286871668e-01,-2.980455040955521384e-01,-7.362491053693862031e-02
3.681245526846757543e-01,-4.461967928240830883e-01,-1.369094211857370402e-01
-5.877852522924819079e-01,-5.663118960624642373e-01,1.902113032590320718e-01
-9.980267284282712259e-01,-6.508435401217762539e-01,-2.506664671286289517e-02
-4.817536741017157675e-01,-6.944802909201344132e-01,-1.688655851004031705e-01
4.817536741017222068e-01,-6.944802909201341912e-01,1.688655851004047248e-01
9.980267284282716700e-01,-6.508435401217758098e-01,2.506664671285998083e-02
5.877852522924644774e-01,-5.663118960624621279e-01,-1.902113032590294073e-01
-3.681245526846825822e-01,-4.461967928240820891e-01,1.369094211857392052e-01
-9.822872507286884991e-01,-2.980455040955509727e-01,7.362491053693587251e-02
-6.845471059286830640e-01,-1.311669202100059217e-01,-1.996053456856541342e-01
2.486898871648567377e-01,4.395336367051971144e-02,9.635073482034375858e-02
9.510565162951568619e-01,2.163118960624649256e-01,1.175570504584912412e-01
7.705132427757861446e-01,3.750787564852983147e-01,-1.964574501457381217e-01
-1.253332335643032869e-01,5.102780391949879313e-01,4.973797743297059260e-02
-9.048270524660226855e-01,6.134146760307050972e-01,1.541026485551559300e-01
-8.443279255020140761e-01,6.780082127900417532e-01,-1.809654104932042207e-01
1.029198495793047424e-14,6.999999999999999556e-01,4.116793983172190013e-15
8.443279255020175178e-01,6.780082127900415312e-01,1.809654104932031382e-01
9.048270524660200209e-01,6.134146760307045421e-01,-1.541026485551575675e-01
1.253332335642969586e-01,5.102780391949871541e-01,-4.973797743296812235e-02
-7.705132427757902525e-01,3.750787564852974265e-01,1.964574501457376221e-01
-9.510565162951504226e-01,2.163118960624614839e-01,-1.175570504584979026e-01
-2.486898871648505482e-01,4.395336367051860121e-02,-9.635073482034152426e-02
6.845471059286877269e-01,-1.311669202100070042e-01,1.996053456856542729e-01
9.822872507286873889e-01,-2.980455040955519719e-01,-7.362491053693824561e-02
3.681245526846766425e-01,-4.461967928240829218e-01,-1.369094211857373178e-01
-5.877852522924811307e-01,-5.663118960624642373e-01,1.902113032590319330e-01
-9.980267284282713369e-01,-6.508435401217762539e-01,-2.506664671286250659e-02
-4.817536741017041657e-01,-6.944802909201347463e-01,-1.688655851004003117e-01
4.817536741017213742e-01,-6.944802909201343022e-01,1.688655851004045028e-01
9.980267284282716700e-01,-6.508435401217759209e-01,2.506664671286036941e-02
5.877852522924652545e-01,-5.663118960624621279e-01,-1.902113032590295183e-01
-3.681245526846816385e-01,-4.461967928240822556e-01,1.369094211857388999e-01
-9.822872507286910526e-01,-2.980455040955488633e-01,7.362491053693095977e-02
-6.845471059286837301e-01,-1.311669202100060605e-01,-1.996053456856541342e-01
2.486898871648557663e-01,4.395336367051954490e-02,9.635073482034341164e-02
9.510565162951565288e-01,2.163118960624647591e-01,1.175570504584915466e-01
7.705132427757868108e-01,3.750787564852982037e-01,-1.964574501457380107e-01
-1.253332335643164153e-01,5.102780391949894856e-01,4.973797743297571350e-02
-9.048270524660223524e-01,6.134146760307049862e-01,1.541026485551562075e-01
-8.443279255020146312e-01,6.780082127900417532e-01,-1.809654104932040541e-01
9.312267518612591480e-15,6.999999999999999556e-01,3.724907007445037065e-15
8.443279255020169627e-01,6.780082127900415312e-01,1.809654104932033047e-01
9.048270524660143588e-01,6.134146760307034318e-01,-1.541026485551609260e-01
1.253332335642979301e-01,5.102780391949872651e-01,-4.973797743296849705e-02
-7.705132427757895863e-01,3.750787564852974820e-01,1.964574501457377054e-01
-9.510565162951551965e-01,2.163118960624640097e-01,-1.175570504584929898e-01
-2.486898871648377252e-01,4.395336367051629056e-02,-9.635073482033688907e-02
6.845471059286973858e-01,-1.311669202100092801e-01,1.996053456856546060e-01
9.822872507286874999e-01,-2.980455040955518053e-01,-7.362491053693788479e-02
3.681245526846775307e-01,-4.461967928240828107e-01,-1.369094211857376231e-01
-5.877852522924688072e-01,-5.663118960624626830e-01,1.902113032590300734e-01
-9.980267284282704487e-01,-6.508435401217770311e-01,-2.506664671286775933e-02
-4.817536741017050539e-01,-6.944802909201347463e-01,-1.688655851004005060e-01
4.817536741017204860e-01,-6.944802909201343022e-01,1.688655851004043085e-01
9.980267284282715590e-01,-6.508435401217759209e-01,2.506664671286075799e-02
5.877852522924775780e-01,-5.663118960624636822e-01,-1.902113032590314057e-01
-3.681245526846939620e-01,-4.461967928240804793e-01,1.369094211857427579e-01
-9.822872507286908306e-01,-2.980455040955490298e-01,7.362491053693132059e-02
-6.845471059286845072e-01,-1.311669202100062548e-01,-1.996053456856541897e-01
2.486898871648548226e-01,4.395336367051937143e-02,9.635073482034306469e-02
9.510565162951518658e-01,2.163118960624622333e-01,1.175570504584964732e-01
7.705132427757783731e-01,3.750787564853001466e-01,-1.964574501457390099e-01
-1.253332335643154438e-01,5.102780391949893746e-01,4.973797743297533880e-02
-9.048270524660219083e-01,6.134146760307049862e-01,1.541026485551564296e-01
-8.443279255020151863e-01,6.780082127900417532e-01,-1.809654104932038876e-01
-5.878304635907295000e-15,6.999999999999999556e-01,-2.351321854362918079e-15
8.443279255020240681e-01,6.780082127900409761e-01,1.809654104932010565e-01
9.048270524660148029e-01,6.134146760307035429e-01,-1.541026485551606762e-01
1.253332335642989015e-01,5.102780391949873762e-01,-4.973797743296887869e-02
-7.705132427757890312e-01,3.750787564852976486e-01,1.964574501457377886e-01
-9.510565162951554186e-01,2.163118960624642040e-01,-1.175570504584926568e-01
-2.486898871648386966e-01,4.395336367051645710e-02,-9.635073482033723602e-02
6.845471059286966087e-01,-1.311669202100091136e-01,1.996053456856545782e-01
9.822872507286877219e-01,-2.980455040955516388e-01,-7.362491053693752396e-02
3.681245526846784744e-01,-4.461967928240826997e-01,-1.369094211857379007e-01
-5.877852522924680301e-01,-5.663118960624624609e-01,1.902113032590299346e-01
-9.980267284282705598e-01,-6.508435401217770311e-01,-2.506664671286737076e-02
-4.817536741017058866e-01,-6.944802909201347463e-01,-1.688655851004007280e-01
4.817536741017196533e-01,-6.944802909201343022e-01,1.688655851004040864e-01
9.980267284282715590e-01,-6.508435401217760319e-01,2.506664671286114657e-02
5.877852522924553735e-01,-5.663118960624609066e-01,-1.902113032590280195e-01
-3.681245526846930738e-01,-4.461967928240805903e-01,1.369094211857424803e-01
-9.822872507286906085e-01,-2.980455040955491963e-01,7.362491053693169529e-02
-6.845471059286851734e-01,-1.311669202100064213e-01,-1.996053456856542174e-01
2.486898871648538789e-01,4.395336367051919102e-02,9.635073482034273162e-02
9.510565162951603035e-01,2.163118960624668130e-01,1.175570504584875914e-01
7.705132427757790392e-01,3.750787564852999800e-01,-1.964574501457389544e-01
-1.253332335643144724e-01,5.102780391949892635e-01,4.973797743297495716e-02
-9.048270524660214642e-01,6.134146760307048751e-01,1.541026485551566794e-01
-8.443279255020157414e-01,6.780082127900417532e-01,-1.809654104932037211e-01
2.156368735517882967e-14,6.999999999999999556e-01,8.625474942071532184e-15
8.443279255020235130e-01,6.780082127900410871e-01,1.809654104932012231e-01
9.048270524660152470e-01,6.134146760307036539e-01,-1.541026485551604264e-01
1.253332335642999007e-01,5.102780391949874872e-01,-4.973797743296926033e-02
-7.705132427757883651e-01,3.750787564852978151e-01,1.964574501457378441e-01
-9.510565162951469809e-01,2.163118960624596243e-01,-1.175570504585015386e-01
-2.486898871648396403e-01,4.395336367051663057e-02,-9.635073482033756909e-02
6.845471059286959425e-01,-1.311669202100089471e-01,1.996053456856545782e-01
9.822872507286879440e-01,-2.980455040955515278e-01,-7.362491053693714926e-02
3.681245526846793625e-01,-4.461967928240825332e-01,-1.369094211857382060e-01
-5.877852522924902345e-01,-5.663118960624653475e-01,1.902113032590333486e-01
-9.980267284282705598e-01,-6.508435401217769201e-01,-2.506664671286698218e-02
-4.817536741017067747e-01,-6.944802909201346353e-01,-1.688655851004009500e-01
4.817536741017187651e-01,-6.944802909201343022e-01,1.688655851004038921e-01
9.980267284282714479e-01,-6.508435401217760319e-01,2.506664671286153515e-02
5.877852522924561507e-01,-5.663118960624610176e-01,-1.902113032590281305e-01
-3.681245526846921301e-01,-4.461967928240807013e-01,1.369094211857422028e-01
-9.822872507286904975e-01,-2.980455040955493073e-01,7.362491053693205612e-02
-6.845471059286859505e-01,-1.311669202100065601e-01,-1.996053456856542452e-01
2.486898871648529352e-01,4.395336367051903143e-02,9.635073482034239856e-02
9.510565162951599705e-01,2.163118960624666742e-01,1.175570504584879106e-01
7.705132427757795943e-01,3.750787564852998135e-01,-1.964574501457388711e-01
-1.253332335643135009e-01,5.102780391949891525e-01,4.973797743297457552e-02
-9.048270524660210201e-01,6.134146760307047641e-01,1.541026485551569292e-01
-8.443279255020161855e-01,6.780082127900416422e-01,-1.809654104932035545e-01
2.058396991586094849e-14,6.999999999999999556e-01,8.233587966344380026e-15
8.443279255020230689e-01,6.780082127900410871e-01,1.809654104932013896e-01
9.048270524660156910e-01,6.134146760307036539e-01,-1.541026485551602043e-01
1.253332335643008721e-01,5.102780391949875982e-01,-4.973797743296964197e-02
-7.705132427757878100e-01,3.750787564852979261e-01,1.964574501457378997e-01
-9.510565162951473139e-01,2.163118960624597908e-01,-1.175570504585012332e-01
-2.486898871648405840e-01,4.395336367051680404e-02,-9.635073482033791603e-02
6.845471059286951654e-01,-1.311669202100087805e-01,1.996053456856545505e-01
9.822872507286880550e-01,-2.980455040955513613e-01,-7.362491053693678844e-02
3.681245526846803062e-01,-4.461967928240824222e-01,-1.369094211857384558e-01
-5.877852522924894574e-01,-5.663118960624652365e-01,1.902113032590332375e-01
-9.980267284282706708e-01,-6.508435401217769201e-01,-2.506664671286659360e-02
-4.817536741017076074e-01,-6.944802909201346353e-01,-1.688655851004011721e-01
4.817536741017179325e-01,-6.944802909201344132e-01,1.688655851004036701e-01
9.980267284282713369e-01,-6.508435401217761429e-01,2.506664671286192372e-02
5.877852522924569278e-01,-5.663118960624611287e-01,-1.902113032590282415e-01
-3.681245526846912419e-01,-4.461967928240808678e-01,1.369094211857418975e-01
-9.822872507286902755e-01,-2.980455040955494739e-01,7.362491053693241694e-02
-6.845471059286866167e-01,-1.311669202100067544e-01,-1.996053456856542452e-01
2.486898871648519915e-01,4.395336367051885101e-02,9.635073482034205161e-02
9.510565162951596374e-01,2.163118960624664799e-01,1.175570504584882159e-01
7.705132427757802605e-01,3.750787564852996470e-01,-1.964574501457387878e-01
-1.253332335643125295e-01,5.102780391949890415e-01,4.973797743297420082e-02
-9.048270524660206870e-01,6.134146760307046531e-01,1.541026485551572067e-01
-8.443279255020015306e-01,6.780082127900428635e-01,-1.809654104932082452e-01
1.960425247654306415e-14,6.999999999999999556e-01,7.841700990617226289e-15
8.443279255020225138e-01,6.780082127900411981e-01,1.809654104932015561e-01
9.048270524660160241e-01,6.134146760307037649e-01,-1.541026485551599268e-01
1.253332335643018436e-01,5.102780391949877092e-01,-4.973797743297001667e-02
-7.705132427758052405e-01,3.750787564852939293e-01,1.964574501457358735e-01
-9.510565162951475360e-01,2.163118960624599296e-01,-1.175570504585009141e-01
-2.486898871648415277e-01,4.395336367051697057e-02,-9.635073482033826298e-02
6.845471059286944993e-01,-1.311669202100086140e-01,1.996053456856545227e-01
9.822872507286882771e-01,-2.980455040955511947e-01,-7.362491053693642762e-02
3.681245526846547711e-01,-4.461967928240861414e-01,-1.369094211857304622e-01
-5.877852522924886802e-01,-5.663118960624651255e-01,1.902113032590330988e-01
-9.980267284282706708e-01,-6.508435401217768090e-01,-2.506664671286620502e-02
-4.817536741017084956e-01,-6.944802909201346353e-01,-1.688655851004013664e-01
4.817536741017170443e-01,-6.944802909201344132e-01,1.688655851004034758e-01
9.980267284282731133e-01,-6.508435401217743665e-01,2.506664671285103313e-02
5.877852522924577050e-01,-5.663118960624612397e-01,-1.902113032590283803e-01
-3.681245526846902982e-01,-4.461967928240809789e-01,1.369094211857416199e-01
-9.822872507286900534e-01,-2.980455040955496404e-01,7.362491053693277776e-02
-6.845471059286872828e-01,-1.311669202100069209e-01,-1.996053456856542729e-01
2.486898871648785536e-01,4.395336367052364579e-02,9.635073482035166892e-02
9.510565162951594154e-01,2.163118960624663134e-01,1.175570504584885489e-01
7.705132427757809266e-01,3.750787564852995914e-01,-1.964574501457387323e-01
-1.253332335643115580e-01,5.102780391949889305e-01,4.973797743297381224e-02
-9.048270524660202430e-01,6.134146760307046531e-01,1.541026485551574288e-01
-8.443279255020020857e-01,6.780082127900427524e-01,-1.809654104932080509e-01
1.862453503722518296e-14,6.999999999999999556e-01,7.449814014890074131e-15
8.443279255020219587e-01,6.780082127900411981e-01,1.809654104932017227e-01
9.048270524660164682e-01,6.134146760307038759e-01,-1.541026485551596770e-01
1.253332335643028150e-01,5.102780391949878203e-01,-4.973797743297039831e-02
-7.705132427758045743e-01,3.750787564852940403e-01,1.964574501457359290e-01
-9.510565162951478690e-01,2.163118960624601239e-01,-1.175570504585006087e-01
-2.486898871648424714e-01,4.395336367051714405e-02,-9.635073482033860992e-02
6.845471059286937221e-01,-1.311669202100084475e-01,1.996053456856544950e-01
9.822872507286884991e-01,-2.980455040955510282e-01,-7.362491053693606680e-02
3.681245526846821381e-01,-4.461967928240821446e-01,-1.369094211857390386e-01
-5.877852522924649215e-01,-5.663118960624621279e-01,1.902113032590294628e-01
-9.980267284282690055e-01,-6.508435401217785854e-01,-2.506664671287709562e-02
-4.817536741016844037e-01,-6.944802909201353014e-01,-1.688655851003954822e-01
4.817536741017411361e-01,-6.944802909201337471e-01,1.688655851004093600e-01
9.980267284282730023e-01,-6.508435401217744776e-01,2.506664671285142171e-02
5.877852522924584822e-01,-5.663118960624613507e-01,-1.902113032590284913e-01
-3.681245526846894101e-01,-4.461967928240810899e-01,1.369094211857413146e-01
-9.822872507286899424e-01,-2.980455040955498069e-01,7.362491053693313858e-02
-6.845471059286880600e-01,-1.311669202100070875e-01,-1.996053456856543007e-01
2.486898871648500764e-01,4.395336367051851101e-02,9.635073482034135772e-02
9.510565162951503115e-01,2.163118960624614284e-01,1.175570504584980552e-01
7.705132427757633851e-01,3.750787564853036438e-01,-1.964574501457407862e-01
-1.253332335643387863e-01,5.102780391949921501e-01,4.973797743298444957e-02
-9.048270524660319003e-01,6.134146760307069846e-01,1.541026485551504344e-01
-8.443279255020025298e-01,6.780082127900427524e-01,-1.809654104932079122e-01
1.764481759790729862e-14,6.999999999999999556e-01,7.057927039162919606e-15
8.443279255020215146e-01,6.780082127900411981e-01,1.809654104932018892e-01
9.048270524660169123e-01,6.134146760307038759e-01,-1.541026485551594272e-01
1.253332335643037865e-01,5.102780391949879313e-01,-4.973797743297077995e-02
-7.705132427757859226e-01,3.750787564852984257e-01,1.964574501457381217e-01
-9.510565162951569729e-01,2.163118960624650366e-01,-1.175570504584910747e-01
-2.486898871648159093e-01,4.395336367051234233e-02,-9.635073482032899261e-02
6.845471059287138171e-01,-1.311669202100131659e-01,1.996053456856551889e-01
9.822872507286832811e-01,-2.980455040955554136e-01,-7.362491053694626697e-02
3.681245526846566030e-01,-4.461967928240859194e-01,-1.369094211857310450e-01
-5.877852522924871259e-01,-5.663118960624650144e-01,1.902113032590328490e-01
-9.980267284282708928e-01,-6.508435401217766980e-01,-2.506664671286542787e-02
-4.817536741017101609e-01,-6.944802909201345242e-01,-1.688655851004017827e-01
4.817536741017153235e-01,-6.944802909201345242e-01,1.688655851004030595e-01
9.980267284282712259e-01,-6.508435401217762539e-01,2.506664671286308946e-02
5.877852522924823520e-01,-5.663118960624643483e-01,-1.902113032590321273e-01
-3.681245526847149452e-01,-4.461967928240774262e-01,1.369094211857493359e-01
-9.822872507286950494e-01,-2.980455040955454216e-01,7.362491053692293841e-02
-6.845471059286680759e-01,-1.311669202100023690e-01,-1.996053456856536068e-01
2.486898871648766662e-01,4.395336367052330578e-02,9.635073482035097503e-02
9.510565162951587492e-01,2.163118960624660081e-01,1.175570504584891735e-01
7.705132427757821478e-01,3.750787564852992584e-01,-1.964574501457385658e-01
-1.253332335643096151e-01,5.102780391949887084e-01,4.973797743297306284e-02
-9.048270524660193548e-01,6.134146760307044310e-01,1.541026485551579284e-01
-8.443279255020182950e-01,6.780082127900415312e-01,-1.809654104932028884e-01
-1.175660927181459000e-14,6.999999999999999556e-01,-4.702643708725836158e-15
8.443279255020361695e-01,6.780082127900399769e-01,1.809654104931972263e-01
9.048270524660052549e-01,6.134146760307016555e-01,-1.541026485551664216e-01
1.253332335642765583e-01,5.102780391949847116e-01,-4.973797743296014262e-02
-7.705132427758033531e-01,3.750787564852943179e-01,1.964574501457360955e-01
-9.510565162951485352e-01,2.163118960624604570e-01,-1.175570504584999565e-01
-2.486898871648443865e-01,4.395336367051748405e-02,-9.635073482033928993e-02
6.845471059286923898e-01,-1.311669202100081144e-01,1.996053456856544672e-01
9.822872507286888322e-01,-2.980455040955507506e-01,-7.362491053693533127e-02
3.681245526846839144e-01,-4.461967928240819226e-01,-1.369094211857396215e-01
-5.877852522924632561e-01,-5.663118960624619058e-01,1.902113032590292407e-01
-9.980267284282691165e-01,-6.508435401217784744e-01,-2.506664671287631846e-02
-4.817536741016861246e-01,-6.944802909201351904e-01,-1.688655851003958985e-01
4.817536741017394153e-01,-6.944802909201338581e-01,1.688655851004089437e-01
9.980267284282728912e-01,-6.508435401217744776e-01,2.506664671285219886e-02
5.877852522924601475e-01,-5.663118960624614617e-01,-1.902113032590287411e-01
-3.681245526846875782e-01,-4.461967928240813674e-01,1.369094211857407595e-01
-9.822872507286894983e-01,-2.980455040955500845e-01,7.362491053693387411e-02
-6.845471059286895033e-01,-1.311669202100074205e-01,-1.996053456856543562e-01
2.486898871648481890e-01,4.395336367051817100e-02,9.635073482034067771e-02
9.510565162951496454e-01,2.163118960624610954e-01,1.175570504584986936e-01
7.705132427757646063e-01,3.750787564853033107e-01,-1.964574501457406475e-01
-1.253332335643368434e-01,5.102780391949919281e-01,4.973797743298369323e-02
-9.048270524660311231e-01,6.134146760307067625e-01,1.541026485551509340e-01
-8.443279255020036400e-01,6.780082127900426414e-01,-1.809654104932075791e-01
1.568538271927153309e-14,6.999999999999999556e-01,6.274153087708613711e-15
8.443279255020204044e-01,6.780082127900413091e-01,1.809654104932022223e-01
9.048270524660176894e-01,6.134146760307040980e-01,-1.541026485551589276e-01
1.253332335643057294e-01,5.102780391949882643e-01,-4.973797743297153628e-02
-7.705132427757845903e-01,3.750787564852986478e-01,1.964574501457382882e-01
-9.510565162951399865e-01,2.163118960624558496e-01,-1.175570504585088383e-01
-2.486898871648177967e-01,4.395336367051269622e-02,-9.635073482032967263e-02
6.845471059287123738e-01,-1.311669202100128051e-01,1.996053456856551334e-01
9.822872507286837251e-01,-2.980455040955550805e-01,-7.362491053694553145e-02
3.681245526846584348e-01,-4.461967928240855863e-01,-1.369094211857316279e-01
-5.877852522924854606e-01,-5.663118960624646814e-01,1.902113032590326269e-01
-9.980267284282710039e-01,-6.508435401217764760e-01,-2.506664671286465071e-02
-4.817536741017118818e-01,-6.944802909201345242e-01,-1.688655851004021990e-01
4.817536741017136026e-01,-6.944802909201345242e-01,1.688655851004026154e-01
9.980267284282711149e-01,-6.508435401217764760e-01,2.506664671286386661e-02
5.877852522924379430e-01,-5.663118960624586862e-01,-1.902113032590253550e-01
-3.681245526847131133e-01,-4.461967928240776482e-01,1.369094211857487531e-01
-9.822872507286947164e-01,-2.980455040955457546e-01,7.362491053692366005e-02
-6.845471059286695192e-01,-1.311669202100027021e-01,-1.996053456856536623e-01
2.486898871648747789e-01,4.395336367052296578e-02,9.635073482035028114e-02
9.510565162951581941e-01,2.163118960624656473e-01,1.175570504584898118e-01
7.705132427757833691e-01,3.750787564852989808e-01,-1.964574501457384548e-01
-1.253332335643076723e-01,5.102780391949884864e-01,4.973797743297229956e-02
-9.048270524660185776e-01,6.134146760307043200e-01,1.541026485551584280e-01
-8.443279255020194052e-01,6.780082127900414202e-01,-1.809654104932025553e-01
4.312737471035765934e-14,6.999999999999999556e-01,1.725094988414306437e-14
8.443279255020351703e-01,6.780082127900400879e-01,1.809654104931975593e-01
9.048270524660060321e-01,6.134146760307018775e-01,-1.541026485551659497e-01
1.253332335642785011e-01,5.102780391949849337e-01,-4.973797743296090590e-02
-7.705132427758021318e-01,3.750787564852945954e-01,1.964574501457362343e-01
-9.510565162951490903e-01,2.163118960624607623e-01,-1.175570504584993181e-01
-2.486898871648462739e-01,4.395336367051782406e-02,-9.635073482033998382e-02
6.845471059286909465e-01,-1.311669202100077536e-01,1.996053456856543840e-01
9.822872507286891652e-01,-2.980455040955504176e-01,-7.362491053693460963e-02
3.681245526846857463e-01,-4.461967928240816450e-01,-1.369094211857402044e-01
-5.877852522925076650e-01,-5.663118960624675680e-01,1.902113032590360131e-01
-9.980267284282692275e-01,-6.508435401217783633e-01,-2.506664671287553436e-02
-4.817536741016878454e-01,-6.944802909201350793e-01,-1.688655851003963149e-01
4.817536741017376944e-01,-6.944802909201338581e-01,1.688655851004084996e-01
9.980267284282727802e-01,-6.508435401217746996e-01,2.506664671285297602e-02
5.877852522924617018e-01,-5.663118960624616838e-01,-1.902113032590289909e-01
-3.681245526846857463e-01,-4.461967928240816450e-01,1.369094211857402044e-01
-9.822872507286891652e-01,-2.980455040955504176e-01,7.362491053693459575e-02
-6.845471059286909465e-01,-1.311669202100077536e-01,-1.996053456856543840e-01
2.486898871648462739e-01,4.395336367051782406e-02,9.635073482033998382e-02
9.510565162951666318e-01,2.163118960624702269e-01,1.175570504584809300e-01
7.705132427757659386e-01,3.750787564853029776e-01,-1.964574501457404809e-01
-1.253332335643349005e-01,5.102780391949917060e-01,4.973797743298292995e-02
-9.048270524660302350e-01,6.134146760307065405e-01,1.541026485551514336e-01
-8.443279255020046392e-01,6.780082127900425304e-01,-1.809654104932072460e-01
1.372594784063576915e-14,6.999999999999999556e-01,5.490379136254307816e-15
8.443279255020194052e-01,6.780082127900414202e-01,1.809654104932025553e-01
9.048270524660185776e-01,6.134146760307043200e-01,-1.541026485551584280e-01
1.253332335643076723e-01,5.102780391949884864e-01,-4.973797743297229262e-02
-7.705132427757833691e-01,3.750787564852989808e-01,1.964574501457384548e-01
-9.510565162951406526e-01,2.163118960624562104e-01,-1.175570504585081999e-01
-2.486898871648197118e-01,4.395336367051303622e-02,-9.635073482033035264e-02
6.845471059287109306e-01,-1.311669202100124720e-01,1.996053456856551056e-01
9.822872507286840582e-01,-2.980455040955547474e-01,-7.362491053694480980e-02
3.681245526846602667e-01,-4.461967928240853642e-01,-1.369094211857321830e-01
-5.877852522924839063e-01,-5.663118960624644593e-01,1.902113032590323771e-01
-9.980267284282711149e-01,-6.508435401217764760e-01,-2.506664671286387355e-02
-4.817536741017136026e-01,-6.944802909201345242e-01,-1.688655851004026154e-01
4.817536741017119373e-01,-6.944802909201345242e-01,1.688655851004021990e-01
9.980267284282745566e-01,-6.508435401217729233e-01,2.506664671284208543e-02
5.877852522924394973e-01,-5.663118960624589082e-01,-1.902113032590255770e-01
-3.681245526847112814e-01,-4.461967928240779813e-01,1.369094211857481980e-01
-9.822872507286942723e-01,-2.980455040955460877e-01,7.362491053692439558e-02
-6.845471059286708515e-01,-1.311669202100030351e-01,-1.996053456856536901e-01
2.486898871648728637e-01,4.395336367052262577e-02,9.635073482034960113e-02
9.510565162951575280e-01,2.163118960624653420e-01,1.175570504584904363e-01
7.705132427757845903e-01,3.750787564852986478e-01,-1.964574501457382882e-01
-1.253332335643057294e-01,5.102780391949882643e-01,4.973797743297153628e-02
-9.048270524660176894e-01,6.134146760307040980e-01,1.541026485551589276e-01
-8.443279255019899843e-01,6.780082127900438627e-01,-1.809654104932119090e-01
4.116793983172189697e-14,6.999999999999999556e-01,1.646717593268876005e-14
8.443279255020340601e-01,6.780082127900401989e-01,1.809654104931978924e-01
9.048270524660069203e-01,6.134146760307019886e-01,-1.541026485551654224e-01
1.253332335642804440e-01,5.102780391949851557e-01,-4.973797743296166224e-02
-7.705132427758009106e-01,3.750787564852949285e-01,1.964574501457363731e-01
-9.510565162951496454e-01,2.163118960624610954e-01,-1.175570504584986936e-01
-2.486898871648481890e-01,4.395336367051816406e-02,-9.635073482034067771e-02
6.845471059286895033e-01,-1.311669202100074205e-01,1.996053456856543562e-01
9.822872507286894983e-01,-2.980455040955500845e-01,-7.362491053693387411e-02
3.681245526846347316e-01,-4.461967928240890280e-01,-1.369094211857241894e-01
-5.877852522925061107e-01,-5.663118960624673459e-01,1.902113032590357633e-01
-9.980267284282693385e-01,-6.508435401217782523e-01,-2.506664671287475721e-02
-4.817536741016895663e-01,-6.944802909201350793e-01,-1.688655851003967312e-01
4.817536741017359736e-01,-6.944802909201339691e-01,1.688655851004080832e-01
9.980267284282726692e-01,-6.508435401217748106e-01,2.506664671285375318e-02
5.877852522924632561e-01,-5.663118960624619058e-01,-1.902113032590292407e-01
-3.681245526846839144e-01,-4.461967928240819226e-01,1.369094211857396215e-01
-9.822872507286888322e-01,-2.980455040955507506e-01,7.362491053693533127e-02
-6.845471059286922788e-01,-1.311669202100080867e-01,-1.996053456856544672e-01
2.486898871648994536e-01,4.395336367052741361e-02,9.635073482035921844e-02
9.510565162951660767e-01,2.163118960624698939e-01,1.175570504584815545e-01
7.705132427757671598e-01,3.750787564853027556e-01,-1.964574501457403422e-01
-1.253332335643329576e-01,5.102780391949914840e-01,4.973797743298216667e-02
-9.048270524660294578e-01,6.134146760307064294e-01,1.541026485551519332e-01
-8.443279255020057494e-01,6.780082127900425304e-01,-1.809654104932069130e-01
1.176651296200000362e-14,6.999999999999999556e-01,4.706605184800001921e-15
8.443279255020182950e-01,6.780082127900415312e-01,1.809654104932028884e-01
9.048270524660193548e-01,6.134146760307044310e-01,-1.541026485551579284e-01
1.253332335643096151e-01,5.102780391949887084e-01,-4.973797743297305590e-02
-7.705132427758183411e-01,3.750787564852908762e-01,1.964574501457343192e-01
-9.510565162951412077e-01,2.163118960624565157e-01,-1.175570504585075754e-01
-2.486898871648215992e-01,4.395336367051337623e-02,-9.635073482033104653e-02
6.845471059287094873e-01,-1.311669202100121390e-01,1.996053456856550223e-01
9.822872507286843913e-01,-2.980455040955544699e-01,-7.362491053694407428e-02
3.681245526846620431e-01,-4.461967928240850312e-01,-1.369094211857327659e-01
-5.877852522924823520e-01,-5.663118960624643483e-01,1.902113032590321273e-01
-9.980267284282712259e-01,-6.508435401217762539e-01,-2.506664671286309640e-02
-4.817536741017153235e-01,-6.944802909201345242e-01,-1.688655851004030595e-01
4.817536741017102164e-01,-6.944802909201345242e-01,1.688655851004017827e-01
9.980267284282744455e-01,-6.508435401217730343e-01,2.506664671284286258e-02
5.877852522924410517e-01,-5.663118960624590192e-01,-1.902113032590258268e-01
-3.681245526847094496e-01,-4.461967928240782033e-01,1.369094211857476151e-01
-9.822872507286939392e-01,-2.980455040955463653e-01,7.362491053692513110e-02
-6.845471059286722948e-01,-1.311669202100033960e-01,-1.996053456856537733e-01
2.486898871648709763e-01,4.395336367052228577e-02,9.635073482034892112e-02
9.510565162951569729e-01,2.163118960624650366e-01,1.175570504584910747e-01
7.705132427757859226e-01,3.750787564852984257e-01,-1.964574501457381217e-01
-1.253332335643037865e-01,5.102780391949879313e-01,4.973797743297077995e-02
-9.048270524660411152e-01,6.134146760307087609e-01,1.541026485551449388e-01
-8.443279255019909835e-01,6.780082127900437516e-01,-1.809654104932115759e-01
3.920850495308612829e-14,6.999999999999999556e-01,1.568340198123445258e-14
8.443279255020330609e-01,6.780082127900403099e-01,1.809654104931982255e-01
9.048270524660076974e-01,6.134146760307020996e-01,-1.541026485551649505e-01
1.253332335642823869e-01,5.102780391949853778e-01,-4.973797743296242552e-02
-7.705132427757995783e-01,3.750787564852952061e-01,1.964574501457365396e-01
-9.510565162951503115e-01,2.163118960624614284e-01,-1.175570504584980552e-01
-2.486898871648500764e-01,4.395336367051851101e-02,-9.635073482034134384e-02
6.845471059286880600e-01,-1.311669202100070875e-01,1.996053456856543007e-01
9.822872507286792843e-01,-2.980455040955587998e-01,-7.362491053695428833e-02
3.681245526846365634e-01,-4.461967928240887504e-01,-1.369094211857247723e-01
-5.877852522925045564e-01,-5.663118960624671239e-01,1.902113032590355135e-01
-9.980267284282694495e-01,-6.508435401217780303e-01,-2.506664671287398005e-02
-4.817536741016912871e-01,-6.944802909201349683e-01,-1.688655851003971753e-01
4.817536741017342528e-01,-6.944802909201339691e-01,1.688655851004076669e-01
9.980267284282725582e-01,-6.508435401217749217e-01,2.506664671285453033e-02
5.877852522924649215e-01,-5.663118960624621279e-01,-1.902113032590294628e-01
-3.681245526846821381e-01,-4.461967928240821446e-01,1.369094211857390386e-01
-9.822872507286884991e-01,-2.980455040955510282e-01,7.362491053693606680e-02
-6.845471059286523108e-01,-1.311669202099986775e-01,-1.996053456856530794e-01
2.486898871648975384e-01,4.395336367052707360e-02,9.635073482035853842e-02
9.510565162951654106e-01,2.163118960624695886e-01,1.175570504584821929e-01
7.705132427757683811e-01,3.750787564853024780e-01,-1.964574501457402034e-01
-1.253332335643310147e-01,5.102780391949912620e-01,4.973797743298141727e-02
-9.048270524660285696e-01,6.134146760307062074e-01,1.541026485551524328e-01
-8.443279255020067486e-01,6.780082127900424194e-01,-1.809654104932065799e-01
9.807078083364239672e-15,6.999999999999999556e-01,3.922831233345696027e-15
8.443279255020172958e-01,6.780082127900415312e-01,1.809654104932032215e-01
9.048270524660202430e-01,6.134146760307046531e-01,-1.541026485551574288e-01
1.253332335642551587e-01,5.102780391949820471e-01,-4.973797743295178819e-02
-7.705132427758171199e-01,3.750787564852910982e-01,1.964574501457344580e-01
-9.510565162951418738e-01,2.163118960624568765e-01,-1.175570504585069370e-01
-2.486898871648234866e-01,4.395336367051371623e-02,-9.635073482033174042e-02
6.845471059287080440e-01,-1.311669202100118059e-01,1.996053456856549946e-01
9.822872507286847243e-01,-2.980455040955541368e-01,-7.362491053694335263e-02
3.681245526846638749e-01,-4.461967928240848091e-01,-1.369094211857333210e-01
-5.877852522924807976e-01,-5.663118960624641263e-01,1.902113032590319053e-01
-9.980267284282713369e-01,-6.508435401217762539e-01,-2.506664671286231230e-02
-4.817536741017170443e-01,-6.944802909201344132e-01,-1.688655851004034758e-01
4.817536741017582891e-01,-6.944802909201334140e-01,1.688655851004135511e-01
9.980267284282743345e-01,-6.508435401217731453e-01,2.506664671284363974e-02
5.877852522924427170e-01,-5.663118960624592413e-01,-1.902113032590260766e-01
-3.681245526847076177e-01,-4.461967928240784254e-01,1.369094211857470600e-01
-9.822872507286936061e-01,-2.980455040955466983e-01,7.362491053692585274e-02
-6.845471059286737381e-01,-1.311669202100037290e-01,-1.996053456856538011e-01
2.486898871648690612e-01,4.395336367052193188e-02,9.635073482034822723e-02
9.510565162951563067e-01,2.163118960624646758e-01,1.175570504584916992e-01
7.705132427757871438e-01,3.750787564852980926e-01,-1.964574501457380107e-01
-1.253332335643018436e-01,5.102780391949877092e-01,4.973797743297002361e-02
-9.048270524660402270e-01,6.134146760307085389e-01,1.541026485551454384e-01
-8.443279255019920937e-01,6.780082127900435296e-01,-1.809654104932112428e-01
